Country,Year,Guests
ALBANIA,2018,476
ALBANIA,2019,469
ALBANIA,2020,372
ALBANIA,2021,546
ALBANIA,2022,683
ALBANIA,2018,421
ALBANIA,2019,430
ALBANIA,2020,350
ALBANIA,2021,517
ALBANIA,2022,644
ALGERIA,2018,"3,679"
ALGERIA,2019,"3,719"
ALGERIA,2020,"1,389"
ALGERIA,2022,"2,848"
ANGOLA,2018,715
ANGOLA,2019,741
ANGOLA,2020,265
ANGOLA,2021,299
ANGOLA,2022,719
ANGOLA,2018,264
ANGOLA,2019,240
ANGOLA,2020,196
ANGOLA,2021,216
ANGOLA,2022,421
ARGENTINA,2018,"16,330"
ARGENTINA,2019,"16,289"
ARGENTINA,2020,"4,669"
ARGENTINA,2021,"10,389"
ARGENTINA,2022,"16,604"
AUSTRALIA,2018,"44,390"
AUSTRALIA,2019,"48,492"
AUSTRALIA,2020,"25,177"
AUSTRALIA,2021,"30,856"
AUSTRALIA,2022,"47,026"
AUSTRALIA,2018,"36,591"
AUSTRALIA,2019,"40,088"
AUSTRALIA,2020,"19,102"
AUSTRALIA,2021,"23,403"
AUSTRALIA,2022,"37,727"
AUSTRIA,2018,"14,033"
AUSTRIA,2019,"14,312"
AUSTRIA,2020,"9,939"
AUSTRIA,2021,"9,416"
AUSTRIA,2022,"13,580"
AUSTRIA,2018,"10,912"
AUSTRIA,2019,"11,144"
AUSTRIA,2020,"7,236"
AUSTRIA,2021,"7,042"
AUSTRIA,2022,"10,505"
AZERBAIJAN,2018,515
AZERBAIJAN,2019,603
AZERBAIJAN,2020,401
AZERBAIJAN,2021,901
AZERBAIJAN,2022,789
BAHRAIN,2018,117
BAHRAIN,2019,138
BAHRAIN,2020,134
BAHRAIN,2021,187
BAHRAIN,2018,86
BAHRAIN,2019,100
BELARUS,2018,"2,629"
BELARUS,2019,"2,717"
BELARUS,2020,"2,215"
BELARUS,2021,"2,894"
BELARUS,2022,"2,888"
BELARUS,2018,970
BELARUS,2019,965
BELARUS,2020,751
BELARUS,2021,"1,073"
BELARUS,2022,"1,101"
BELGIUM,2018,"8,441"
BELGIUM,2019,"8,714"
BELGIUM,2020,"4,792"
BELGIUM,2021,"7,729"
BELGIUM,2022,"9,406"
BELGIUM,2018,"4,801"
BELGIUM,2019,"4,954"
BELGIUM,2020,"2,538"
BELGIUM,2021,"3,996"
BELGIUM,2022,"5,077"
"BOLIVIA, PLURINATIONAL STATE OF",2018,"1,553"
"BOLIVIA, PLURINATIONAL STATE OF",2019,"1,535"
"BOLIVIA, PLURINATIONAL STATE OF",2020,499
"BOLIVIA, PLURINATIONAL STATE OF",2021,764
"BOLIVIA, PLURINATIONAL STATE OF",2022,"1,077"
BOSNIA AND HERZEGOVINA,2018,413
BOSNIA AND HERZEGOVINA,2019,443
BOSNIA AND HERZEGOVINA,2020,304
BOSNIA AND HERZEGOVINA,2021,469
BOSNIA AND HERZEGOVINA,2022,562
BOSNIA AND HERZEGOVINA,2018,375
BOSNIA AND HERZEGOVINA,2019,412
BOSNIA AND HERZEGOVINA,2020,288
BOSNIA AND HERZEGOVINA,2021,444
BOSNIA AND HERZEGOVINA,2022,534
BULGARIA,2018,"3,889"
BULGARIA,2019,"4,120"
BULGARIA,2020,"2,847"
BULGARIA,2021,"3,755"
BULGARIA,2022,"4,551"
BULGARIA,2018,"3,317"
BULGARIA,2019,"3,517"
BULGARIA,2020,"2,410"
BULGARIA,2021,"3,242"
BULGARIA,2022,"3,958"
BURKINA FASO,2018,396
BURKINA FASO,2019,426
BURKINA FASO,2020,369
BURKINA FASO,2021,414
BURKINA FASO,2022,415
CABO VERDE,2018,56
CABO VERDE,2019,61
CABO VERDE,2020,27
CABO VERDE,2021,34
CABO VERDE,2022,51
CAMEROON,2018,"1,596"
CAMEROON,2019,"1,766"
CAMEROON,2020,"1,005"
CENTRAL AFRICAN REPUBLIC,2018,69
CENTRAL AFRICAN REPUBLIC,2019,79
CENTRAL AFRICAN REPUBLIC,2020,52
CENTRAL AFRICAN REPUBLIC,2021,125
CHAD,2020,4
CHAD,2021,11
CHILE,2018,"8,144"
CHILE,2019,"7,797"
CONGO,2018,112
CROATIA,2018,"2,022"
CROATIA,2019,"2,213"
CROATIA,2020,"1,456"
CROATIA,2021,"2,135"
CROATIA,2022,"2,451"
CROATIA,2018,"1,099"
CROATIA,2019,"1,187"
CROATIA,2020,640
CROATIA,2021,"1,111"
CROATIA,2022,"1,387"
CYPRUS,2018,511
CYPRUS,2019,554
CYPRUS,2020,572
CYPRUS,2021,713
CYPRUS,2018,511
CYPRUS,2019,553
CYPRUS,2020,572
CYPRUS,2021,713
CZECH REPUBLIC (CZECHIA),2018,"10,636"
CZECH REPUBLIC (CZECHIA),2019,"11,108"
CZECH REPUBLIC (CZECHIA),2020,"8,052"
CZECH REPUBLIC (CZECHIA),2021,"8,814"
CZECH REPUBLIC (CZECHIA),2022,"12,081"
CZECH REPUBLIC (CZECHIA),2018,"7,455"
CZECH REPUBLIC (CZECHIA),2019,"7,768"
CZECH REPUBLIC (CZECHIA),2020,"5,368"
CZECH REPUBLIC (CZECHIA),2021,"6,324"
CZECH REPUBLIC (CZECHIA),2022,"9,126"
DENMARK,2018,"16,619"
DENMARK,2019,"19,089"
DENMARK,2020,"17,919"
DENMARK,2021,"20,002"
DENMARK,2022,"20,694"
DENMARK,2018,"4,616"
DENMARK,2019,"6,275"
DENMARK,2020,"4,239"
DENMARK,2021,"5,544"
DENMARK,2022,"7,134"
ECUADOR,2018,"8,945"
ECUADOR,2019,"9,073"
ECUADOR,2020,"2,909"
ECUADOR,2021,"5,971"
ECUADOR,2022,"9,755"
ECUADOR,2018,"1,924"
ECUADOR,2019,"1,952"
ECUADOR,2020,582
ECUADOR,2021,"1,194"
ECUADOR,2022,"2,099"
ESTONIA,2018,"1,451"
ESTONIA,2019,"1,537"
ESTONIA,2020,"1,296"
ESTONIA,2021,"1,576"
ESTONIA,2022,"1,786"
ESTONIA,2018,"1,083"
ESTONIA,2019,"1,138"
ESTONIA,2020,993
ESTONIA,2021,"1,191"
ESTONIA,2022,"1,367"
ESWATINI,2018,118
ESWATINI,2019,128
ESWATINI,2020,89
ESWATINI,2021,106
ESWATINI,2022,130
FINLAND,2018,"8,743"
FINLAND,2019,"9,136"
FINLAND,2020,"6,447"
FINLAND,2021,"8,168"
FINLAND,2022,"9,406"
FINLAND,2018,"7,490"
FINLAND,2019,"7,854"
FINLAND,2020,"5,140"
FINLAND,2021,"6,638"
FINLAND,2022,"8,107"
FRANCE,2018,"118,718"
FRANCE,2019,"121,560"
FRANCE,2020,"76,364"
FRANCE,2021,"97,081"
FRANCE,2022,"121,540"
FRANCE,2018,"81,916"
FRANCE,2019,"84,379"
FRANCE,2020,"62,010"
FRANCE,2021,"78,458"
FRANCE,2022,"82,428"
GEORGIA,2018,"1,051"
GEORGIA,2019,"1,146"
GEORGIA,2020,934
GEORGIA,2021,"1,726"
GEORGIA,2022,"1,947"
GERMANY,2018,"146,198"
GERMANY,2019,"151,381"
GERMANY,2020,"85,696"
GERMANY,2021,"85,146"
GERMANY,2022,"134,578"
GERMANY,2018,"113,803"
GERMANY,2019,"117,726"
GERMANY,2020,"63,491"
GERMANY,2021,"63,256"
GERMANY,2022,"102,693"
GREECE,2018,"9,265"
GREECE,2019,"9,164"
GREECE,2020,"4,617"
GREECE,2021,"5,653"
GREECE,2022,"8,312"
GREECE,2018,"7,342"
GREECE,2019,"7,369"
GREECE,2020,"3,597"
GREECE,2021,"4,465"
GREECE,2022,"6,663"
HUNGARY,2018,"6,603"
HUNGARY,2019,"6,752"
HUNGARY,2020,"4,012"
HUNGARY,2021,"4,698"
HUNGARY,2022,"6,353"
HUNGARY,2018,"5,423"
HUNGARY,2019,"5,572"
HUNGARY,2020,"3,333"
HUNGARY,2021,"3,913"
HUNGARY,2022,"5,373"
ICELAND,2018,701
ICELAND,2019,699
ICELAND,2020,890
ICELAND,2021,"1,191"
ICELAND,2018,425
ICELAND,2019,378
ICELAND,2020,483
ICELAND,2021,695
INDONESIA,2018,"132,690"
INDONESIA,2019,"131,437"
INDONESIA,2020,"50,604"
INDONESIA,2018,"73,097"
INDONESIA,2019,"74,067"
INDONESIA,2020,"36,055"
INDONESIA,2021,"80,511"
INDONESIA,2022,"96,630"
IRELAND,2018,"10,919"
IRELAND,2019,"11,621"
IRELAND,2020,"7,721"
IRELAND,2021,"5,663"
IRELAND,2018,"4,691"
IRELAND,2019,"5,113"
ISRAEL,2018,"8,071"
ISRAEL,2019,"8,243"
ISRAEL,2020,"3,941"
ISRAEL,2021,"8,575"
ISRAEL,2022,"9,360"
ISRAEL,2018,"6,406"
ISRAEL,2019,"6,507"
ISRAEL,2020,"3,111"
ISRAEL,2021,"6,850"
ISRAEL,2022,"7,412"
ITALY,2018,"64,906"
ITALY,2019,"66,371"
ITALY,2020,"39,190"
ITALY,2021,"51,768"
ITALY,2022,"63,428"
ITALY,2018,"49,948"
ITALY,2019,"50,422"
ITALY,2020,"28,021"
ITALY,2021,"37,612"
ITALY,2022,"46,766"
JAPAN,2018,"344,024"
JAPAN,2019,"371,590"
JAPAN,2020,"237,825"
JAPAN,2021,"236,624"
JAPAN,2022,"326,240"
JAPAN,2018,"316,990"
JAPAN,2019,"342,883"
JAPAN,2020,"223,016"
JAPAN,2021,"221,243"
JAPAN,2022,"303,920"
JORDAN,2018,909
JORDAN,2019,"1,089"
JORDAN,2020,650
JORDAN,2021,978
JORDAN,2022,"1,008"
JORDAN,2018,904
JORDAN,2019,"1,087"
JORDAN,2020,627
JORDAN,2021,944
JORDAN,2022,999
"KOREA, REPUBLIC OF",2018,"23,836"
KYRGYZSTAN,2018,153
KYRGYZSTAN,2019,155
KYRGYZSTAN,2020,77
KYRGYZSTAN,2021,139
KYRGYZSTAN,2022,311
LATVIA,2018,883
LATVIA,2019,907
LATVIA,2020,748
LATVIA,2021,864
LATVIA,2022,"1,033"
LATVIA,2018,614
LATVIA,2019,617
LATVIA,2020,493
LATVIA,2021,566
LATVIA,2022,688
LIECHTENSTEIN,2018,1.8
LIECHTENSTEIN,2019,1.8
LIECHTENSTEIN,2020,1.3
LIECHTENSTEIN,2021,2.6
LIECHTENSTEIN,2022,1.7
LIECHTENSTEIN,2018,1
LIECHTENSTEIN,2019,1
LIECHTENSTEIN,2020,1.1
LIECHTENSTEIN,2021,2
LIECHTENSTEIN,2022,1.3
LITHUANIA,2018,"1,551"
LITHUANIA,2019,"2,100"
LITHUANIA,2020,"1,615"
LITHUANIA,2021,"1,963"
LITHUANIA,2022,"2,676"
LITHUANIA,2018,"1,025"
LITHUANIA,2019,"1,152"
LITHUANIA,2020,856
LITHUANIA,2021,"1,049"
LITHUANIA,2022,"1,457"
LUXEMBOURG,2018,121
LUXEMBOURG,2019,124
LUXEMBOURG,2020,130
LUXEMBOURG,2021,137
LUXEMBOURG,2022,155
LUXEMBOURG,2018,86
LUXEMBOURG,2019,86
LUXEMBOURG,2020,95
LUXEMBOURG,2021,101
LUXEMBOURG,2022,115
MALAYSIA,2018,"52,419"
MALAYSIA,2019,"51,093"
MALAYSIA,2020,"30,704"
MALAYSIA,2021,"19,872"
MALI,2018,25
MALI,2019,23
MALI,2020,23
MALI,2021,43
MALI,2022,24
MALTA,2018,185
MALTA,2019,201
MEXICO,2018,"61,474"
MEXICO,2019,"62,205"
MEXICO,2020,"28,450"
MEXICO,2021,"45,706"
MEXICO,2022,"60,624"
"MOLDOVA, REPUBLIC OF",2018,204
"MOLDOVA, REPUBLIC OF",2019,201
"MOLDOVA, REPUBLIC OF",2020,62
"MOLDOVA, REPUBLIC OF",2021,109
"MOLDOVA, REPUBLIC OF",2022,172
"MOLDOVA, REPUBLIC OF",2018,78
"MOLDOVA, REPUBLIC OF",2019,75
"MOLDOVA, REPUBLIC OF",2020,41
"MOLDOVA, REPUBLIC OF",2021,61
"MOLDOVA, REPUBLIC OF",2022,79
MONACO,2018,6
MONACO,2019,6
MONACO,2020,2
MONACO,2021,3
MONACO,2022,5
MONTENEGRO,2018,128
MONTENEGRO,2019,136
MONTENEGRO,2020,93
MONTENEGRO,2021,117
MONTENEGRO,2022,148
MONTENEGRO,2018,118
MONTENEGRO,2019,125
MONTENEGRO,2020,89
MONTENEGRO,2021,101
MONTENEGRO,2022,140
MOROCCO,2018,"3,247"
MOROCCO,2019,"3,550"
MOROCCO,2020,"1,442"
MOROCCO,2021,"2,766"
MOROCCO,2022,"3,505"
MOZAMBIQUE,2018,197
MOZAMBIQUE,2019,219
MOZAMBIQUE,2020,155
MOZAMBIQUE,2021,159
NETHERLANDS,2018,"25,132"
NETHERLANDS,2019,"25,786"
NETHERLANDS,2020,"20,035"
NETHERLANDS,2021,"25,472"
NETHERLANDS,2022,"28,511"
NETHERLANDS,2018,"14,975"
NETHERLANDS,2019,"15,058"
NETHERLANDS,2020,"11,061"
NETHERLANDS,2021,"13,113"
NETHERLANDS,2022,"16,469"
NICARAGUA,2018,332
NICARAGUA,2019,379
NICARAGUA,2020,287
NICARAGUA,2021,361
NICARAGUA,2022,393
NICARAGUA,2018,228
NICARAGUA,2019,260
NICARAGUA,2020,240
NICARAGUA,2021,302
NICARAGUA,2022,329
NORTH MACEDONIA,2018,420
NORTH MACEDONIA,2019,427
NORTH MACEDONIA,2020,349
NORTH MACEDONIA,2021,409
NORTH MACEDONIA,2022,432
NORTH MACEDONIA,2018,211
NORTH MACEDONIA,2019,223
NORTH MACEDONIA,2020,200
NORTH MACEDONIA,2021,212
NORTH MACEDONIA,2022,225
NORWAY,2018,"12,840"
NORWAY,2019,"13,122"
NORWAY,2020,"10,423"
NORWAY,2021,"12,306"
NORWAY,2022,"13,133"
NORWAY,2018,"10,778"
NORWAY,2019,"11,178"
NORWAY,2020,"7,465"
NORWAY,2021,"8,300"
NORWAY,2022,"10,963"
PERU,2018,"47,466"
PERU,2019,"54,897"
PERU,2020,"34,589"
PERU,2021,"45,715"
PERU,2022,"48,234"
POLAND,2018,"26,814"
POLAND,2019,"28,208"
POLAND,2020,"15,615"
POLAND,2021,"19,689"
POLAND,2022,"28,402"
POLAND,2018,"19,283"
POLAND,2019,"20,640"
POLAND,2020,"11,183"
POLAND,2021,"14,417"
POLAND,2022,"21,907"
PORTUGAL,2018,"11,376"
PORTUGAL,2019,"12,213"
PORTUGAL,2020,"7,460"
PORTUGAL,2021,"9,629"
PORTUGAL,2022,"12,552"
PORTUGAL,2018,"7,852"
PORTUGAL,2019,"8,335"
PORTUGAL,2020,"5,123"
PORTUGAL,2021,"6,710"
PORTUGAL,2022,"8,899"
PUERTO RICO,2018,484
PUERTO RICO,2019,580
PUERTO RICO,2020,485
PUERTO RICO,2021,534
PUERTO RICO,2022,663
ROMANIA,2018,"10,109"
ROMANIA,2019,"10,691"
ROMANIA,2020,"5,945"
ROMANIA,2021,"9,326"
ROMANIA,2022,"10,914"
ROMANIA,2018,"9,936"
ROMANIA,2019,"10,505"
ROMANIA,2020,"5,814"
ROMANIA,2021,"9,191"
ROMANIA,2022,"10,772"
RUSSIAN FEDERATION,2018,"62,210"
RUSSIAN FEDERATION,2019,"65,190"
RUSSIAN FEDERATION,2018,"48,056"
SAUDI ARABIA,2018,"43,255"
SAUDI ARABIA,2019,"47,805"
SAUDI ARABIA,2020,"42,107"
SAUDI ARABIA,2021,"63,845"
SAUDI ARABIA,2022,"77,837"
SAUDI ARABIA,2018,"29,034"
SAUDI ARABIA,2019,"31,234"
SAUDI ARABIA,2020,"25,976"
SAUDI ARABIA,2021,"36,063"
SAUDI ARABIA,2022,"48,314"
SERBIA,2018,"1,720"
SERBIA,2019,"1,843"
SERBIA,2020,"1,374"
SERBIA,2021,"1,720"
SERBIA,2022,"2,096"
SERBIA,2018,"1,143"
SERBIA,2019,"1,211"
SERBIA,2020,850
SERBIA,2021,"1,139"
SERBIA,2022,"1,060"
SLOVAKIA,2018,"3,340"
SLOVAKIA,2019,"3,958"
SLOVAKIA,2020,"2,356"
SLOVAKIA,2021,"2,149"
SLOVAKIA,2018,"2,462"
SLOVAKIA,2019,"2,917"
SLOVAKIA,2020,"1,688"
SLOVAKIA,2021,"1,550"
SLOVENIA,2018,"1,508"
SLOVENIA,2019,"1,528"
SLOVENIA,2020,"1,849"
SLOVENIA,2021,"2,171"
SLOVENIA,2022,"1,933"
SLOVENIA,2018,747
SLOVENIA,2019,757
SLOVENIA,2020,849
SLOVENIA,2021,"1,086"
SLOVENIA,2022,986
SPAIN,2018,"65,033"
SPAIN,2019,"67,280"
SPAIN,2020,"32,225"
SPAIN,2021,"55,069"
SPAIN,2022,"70,543"
SPAIN,2018,"51,166"
SPAIN,2019,"52,734"
SPAIN,2020,"23,695"
SPAIN,2021,"40,273"
SPAIN,2022,"53,314"
STATE OF PALESTINE,2018,48
STATE OF PALESTINE,2019,59
STATE OF PALESTINE,2020,17
STATE OF PALESTINE,2021,58
STATE OF PALESTINE,2022,97
SWEDEN,2018,"24,066"
SWEDEN,2019,"25,038"
SWEDEN,2020,"17,382"
SWEDEN,2021,"21,721"
SWEDEN,2022,"26,167"
SWEDEN,2018,"17,420"
SWEDEN,2019,"18,379"
SWEDEN,2020,"11,436"
SWEDEN,2021,"14,800"
SWEDEN,2022,"19,153"
SWITZERLAND,2018,"12,230"
SWITZERLAND,2019,"12,558"
SWITZERLAND,2020,"10,809"
SWITZERLAND,2021,"13,570"
SWITZERLAND,2022,"14,146"
SWITZERLAND,2018,"8,991"
SWITZERLAND,2019,"9,279"
SWITZERLAND,2020,"7,695"
SWITZERLAND,2021,"10,057"
SWITZERLAND,2022,"10,582"
SYRIAN ARAB REPUBLIC,2018,"1,096"
SYRIAN ARAB REPUBLIC,2019,993
SYRIAN ARAB REPUBLIC,2020,739
SYRIAN ARAB REPUBLIC,2021,875
THAILAND,2018,"107,484"
THAILAND,2019,"107,864"
THAILAND,2020,"63,034"
TIMOR-LESTE,2018,1.2
TIMOR-LESTE,2021,14.3
TOGO,2018,139
TOGO,2019,70
TUNISIA,2018,"2,567"
TUNISIA,2019,"2,517"
TUNISIA,2020,"1,343"
TUNISIA,2021,"2,179"
TUNISIA,2022,"2,882"
TÜRKIYE,2018,"40,822"
TÜRKIYE,2019,"42,013"
TÜRKIYE,2020,"29,101"
TÜRKIYE,2021,"42,216"
TÜRKIYE,2022,"48,251"
TÜRKIYE,2018,"38,345"
TÜRKIYE,2019,"39,445"
TÜRKIYE,2020,"27,636"
TÜRKIYE,2021,"39,948"
TÜRKIYE,2022,"45,963"
UKRAINE,2018,"6,088"
UKRAINE,2019,"6,002"
UKRAINE,2020,"3,125"
UKRAINE,2018,"4,536"
UKRAINE,2019,"4,598"
UKRAINE,2020,"2,435"
UNITED ARAB EMIRATES,2018,"7,882"
UNITED ARAB EMIRATES,2019,"8,453"
UNITED ARAB EMIRATES,2020,"8,761"
UNITED ARAB EMIRATES,2021,"10,196"
UNITED KINGDOM,2018,"118,556"
UNITED KINGDOM,2019,"122,780"
UNITED KINGDOM,2022,"126,000"
UNITED KINGDOM,2018,"42,040"
UNITED KINGDOM,2019,"43,490"
UNITED STATES VIRGIN ISLANDS,2018,38
UNITED STATES VIRGIN ISLANDS,2019,40
UNITED STATES VIRGIN ISLANDS,2020,37
UNITED STATES VIRGIN ISLANDS,2021,45
UZBEKISTAN,2018,"1,193"
UZBEKISTAN,2019,"1,948"
UZBEKISTAN,2019,"1,099"
ZIMBABWE,2018,740
ZIMBABWE,2019,661
ZIMBABWE,2020,289
ZIMBABWE,2021,379
ZIMBABWE,2022,647
ZIMBABWE,2018,510
ZIMBABWE,2019,431
ZIMBABWE,2020,216
ZIMBABWE,2021,275
ZIMBABWE,2022,461
